N, Running Time
36, 77
36, 111
36, 95
36, 86
36, 71
36, 71
36, 150
36, 94
36, 99
36, 140
48, 130
48, 181
48, 83
48, 109
48, 56
48, 53
48, 109
48, 62
48, 65
48, 53
60, 59
60, 104
60, 175
60, 93
60, 59
60, 113
60, 98
60, 158
60, 137
60, 109
72, 101
72, 236
72, 126
72, 104
72, 115
72, 64
72, 134
72, 125
72, 158
72, 124
84, 100
84, 68
84, 82
84, 150
84, 111
84, 202
84, 68
84, 104
84, 101
84, 261
96, 224
96, 191
96, 140
96, 110
96, 139
96, 166
96, 133
96, 130
96, 136
96, 76
108, 127
108, 183
108, 183
108, 157
108, 150
108, 132
108, 273
108, 166
108, 270
108, 312
120, 222
120, 154
120, 154
120, 147
120, 138
120, 136
120, 139
120, 149
120, 284
120, 137
132, 322
132, 299
132, 146
132, 165
132, 222
132, 107
132, 341
132, 115
132, 191
132, 252
144, 225
144, 362
144, 193
144, 176
144, 265
144, 188
144, 236
144, 326
144, 210
144, 275
156, 210
156, 370
156, 279
156, 159
156, 389
156, 474
156, 416
156, 129
156, 294
156, 284
168, 217
168, 274
168, 317
168, 296
168, 342
168, 195
168, 377
168, 251
168, 269
168, 371
180, 149
180, 364
180, 340
180, 327
180, 428
180, 265
180, 314
180, 274
180, 267
180, 188
192, 439
192, 249
192, 140
192, 296
192, 285
192, 122
192, 205
192, 253
192, 146
192, 155
204, 187
204, 310
204, 290
204, 341
204, 333
204, 172
204, 490
204, 277
204, 483
204, 414
216, 182
216, 350
216, 302
216, 138
216, 443
216, 434
216, 369
216, 381
216, 171
216, 418
228, 278
228, 285
228, 235
228, 350
228, 284
228, 236
228, 207
228, 174
228, 234
228, 222
240, 267
240, 380
240, 456
240, 211
240, 239
240, 276
240, 346
240, 271
240, 279
240, 171
252, 508
252, 319
252, 350
252, 363
252, 225
252, 423
252, 364
252, 493
252, 420
252, 257
264, 314
264, 203
264, 536
264, 222
264, 175
264, 182
264, 308
264, 280
264, 268
264, 226
276, 444
276, 278
276, 289
276, 509
276, 539
276, 320
276, 264
276, 243
276, 523
276, 450
288, 594
288, 567
288, 218
288, 539
288, 293
288, 262
288, 598
288, 487
288, 1073
288, 420
300, 357
300, 283
300, 687
300, 483
300, 662
300, 365
300, 275
300, 611
300, 379
300, 477
312, 592
312, 394
312, 186
312, 249
312, 350
312, 726
312, 467
312, 535
312, 580
312, 309
324, 306
324, 299
324, 340
324, 455
324, 181
324, 251
324, 424
324, 776
324, 368
324, 651
336, 714
336, 736
336, 754
336, 605
336, 438
336, 546
336, 295
336, 550
336, 441
336, 515
348, 277
348, 701
348, 311
348, 312
348, 354
348, 469
348, 364
348, 346
348, 352
348, 316
360, 407
360, 377
360, 231
360, 897
360, 435
360, 391
360, 194
360, 799
360, 327
360, 271
64, 168
64, 137
64, 152
64, 120
64, 99
64, 146
64, 123
64, 80
64, 113
64, 120
80, 102
80, 129
80, 141
80, 135
80, 200
80, 158
80, 131
80, 229
80, 71
80, 240
96, 109
96, 109
96, 107
96, 200
96, 126
96, 129
96, 205
96, 183
96, 84
96, 221
112, 163
112, 293
112, 258
112, 184
112, 182
112, 200
112, 230
112, 244
112, 227
112, 196
128, 141
128, 90
128, 216
128, 152
128, 213
128, 150
128, 272
128, 286
128, 205
128, 199
144, 113
144, 385
144, 263
144, 243
144, 244
144, 124
144, 101
144, 176
144, 179
144, 152
160, 252
160, 171
160, 108
160, 315
160, 193
160, 282
160, 179
160, 171
160, 307
160, 265
176, 279
176, 235
176, 196
176, 327
176, 125
176, 241
176, 260
176, 337
176, 166
176, 287
192, 155
192, 346
192, 403
192, 124
192, 450
192, 471
192, 455
192, 175
192, 283
192, 239
208, 583
208, 159
208, 507
208, 453
208, 316
208, 152
208, 157
208, 153
208, 225
208, 209
224, 231
224, 330
224, 289
224, 195
224, 433
224, 414
224, 139
224, 209
224, 173
224, 417
240, 295
240, 263
240, 478
240, 364
240, 151
240, 452
240, 657
240, 526
240, 500
240, 257
256, 387
256, 416
256, 381
256, 174
256, 214
256, 218
256, 276
256, 285
256, 243
256, 243
272, 257
272, 269
272, 579
272, 236
272, 220
272, 340
272, 351
272, 150
272, 284
272, 416
288, 321
288, 326
288, 246
288, 378
288, 344
288, 276
288, 399
288, 429
288, 422
288, 468
304, 556
304, 178
304, 431
304, 456
304, 443
304, 406
304, 536
304, 279
304, 463
304, 218
320, 491
320, 260
320, 301
320, 453
320, 341
320, 388
320, 348
320, 332
320, 316
320, 322
336, 332
336, 339
336, 185
336, 189
336, 300
336, 305
336, 285
336, 348
336, 387
336, 197
352, 215
352, 510
352, 395
352, 324
352, 221
352, 508
352, 201
352, 371
352, 534
352, 543
368, 314
368, 549
368, 585
368, 656
368, 346
368, 278
368, 207
368, 266
368, 763
368, 248
384, 829
384, 547
384, 317
384, 415
384, 321
384, 211
384, 467
384, 228
384, 277
384, 750
400, 679
400, 229
400, 896
400, 221
400, 343
400, 617
400, 309
400, 487
400, 273
400, 335
416, 292
416, 267
416, 525
416, 490
416, 361
416, 435
416, 357
416, 308
416, 412
416, 318
432, 381
432, 600
432, 731
432, 608
432, 389
432, 316
432, 514
432, 392
432, 427
432, 344
448, 335
448, 392
448, 407
448, 831
448, 754
448, 804
448, 386
448, 385
448, 578
448, 444
464, 412
464, 269
464, 526
464, 441
464, 446
464, 401
464, 1038
464, 518
464, 539
464, 418
480, 502
480, 708
480, 327
480, 288
480, 978
480, 395
480, 983
480, 957
480, 1027
480, 906
100, 203
100, 122
100, 119
100, 101
100, 84
100, 204
100, 80
100, 127
100, 95
100, 106
120, 212
120, 108
120, 122
120, 204
120, 165
120, 140
120, 92
120, 198
120, 143
120, 90
140, 140
140, 108
140, 170
140, 116
140, 173
140, 144
140, 104
140, 97
140, 97
140, 95
160, 179
160, 217
160, 105
160, 123
160, 128
160, 106
160, 199
160, 233
160, 159
160, 247
180, 117
180, 175
180, 173
180, 173
180, 191
180, 174
180, 220
180, 271
180, 137
180, 261
200, 298
200, 261
200, 146
200, 204
200, 188
200, 179
200, 325
200, 197
200, 321
200, 430
220, 478
220, 170
220, 181
220, 146
220, 234
220, 164
220, 134
220, 135
220, 521
220, 449
240, 158
240, 296
240, 199
240, 281
240, 147
240, 226
240, 256
240, 164
240, 160
240, 169
260, 304
260, 325
260, 247
260, 421
260, 210
260, 270
260, 189
260, 292
260, 302
260, 597
280, 265
280, 257
280, 444
280, 403
280, 471
280, 577
280, 300
280, 172
280, 776
280, 585
300, 355
300, 407
300, 380
300, 260
300, 656
300, 500
300, 228
300, 182
300, 183
300, 170
320, 687
320, 260
320, 701
320, 726
320, 544
320, 330
320, 218
320, 421
320, 596
320, 778
340, 285
340, 418
340, 219
340, 344
340, 499
340, 323
340, 254
340, 187
340, 408
340, 400
360, 441
360, 339
360, 343
360, 480
360, 522
360, 473
360, 325
360, 623
360, 484
360, 215
380, 453
380, 373
380, 368
380, 460
380, 569
380, 323
380, 323
380, 697
380, 319
380, 496
400, 651
400, 449
400, 209
400, 311
400, 439
400, 564
400, 362
400, 365
400, 449
400, 679
420, 603
420, 364
420, 381
420, 340
420, 1056
420, 210
420, 253
420, 245
420, 439
420, 321
440, 258
440, 956
440, 723
440, 417
440, 399
440, 479
440, 240
440, 316
440, 984
440, 497
460, 729
460, 540
460, 771
460, 347
460, 423
460, 802
460, 475
460, 733
460, 535
460, 533
480, 318
480, 1043
480, 534
480, 311
480, 243
480, 408
480, 429
480, 631
480, 298
480, 449
500, 382
500, 537
500, 490
500, 854
500, 1206
500, 987
500, 735
500, 702
500, 666
500, 843
520, 692
520, 539
520, 825
520, 547
520, 668
520, 533
520, 518
520, 758
520, 521
520, 1018
540, 450
540, 399
540, 954
540, 684
540, 488
540, 804
540, 785
540, 770
540, 1020
540, 689
560, 991
560, 921
560, 425
560, 475
560, 452
560, 657
560, 770
560, 582
560, 490
560, 648
580, 1353
580, 268
580, 3162
580, 699
580, 505
580, 468
580, 550
580, 747
580, 620
580, 568
600, 1280
600, 1001
600, 996
600, 561
600, 618
600, 329
600, 677
600, 523
600, 814
600, 608
144, 126
144, 124
144, 294
144, 173
144, 248
144, 335
144, 138
144, 93
144, 430
144, 153
168, 412
168, 422
168, 363
168, 245
168, 238
168, 247
168, 171
168, 303
168, 262
168, 165
192, 122
192, 210
192, 354
192, 259
192, 297
192, 291
192, 216
192, 221
192, 170
192, 212
216, 217
216, 213
216, 230
216, 188
216, 278
216, 349
216, 504
216, 247
216, 373
216, 298
240, 243
240, 229
240, 159
240, 175
240, 217
240, 307
240, 368
240, 237
240, 719
240, 364
264, 263
264, 253
264, 398
264, 311
264, 396
264, 196
264, 221
264, 412
264, 232
264, 295
288, 276
288, 189
288, 176
288, 439
288, 296
288, 655
288, 287
288, 392
288, 505
288, 473
312, 464
312, 270
312, 277
312, 642
312, 390
312, 294
312, 369
312, 323
312, 446
312, 413
336, 704
336, 406
336, 310
336, 320
336, 369
336, 425
336, 527
336, 227
336, 299
336, 377
360, 470
360, 239
360, 307
360, 202
360, 201
360, 653
360, 442
360, 369
360, 248
360, 521
384, 217
384, 224
384, 562
384, 199
384, 205
384, 411
384, 794
384, 336
384, 553
384, 406
408, 440
408, 376
408, 355
408, 411
408, 454
408, 217
408, 724
408, 382
408, 246
408, 358
432, 431
432, 478
432, 363
432, 435
432, 331
432, 399
432, 368
432, 443
432, 392
432, 355
456, 456
456, 427
456, 439
456, 775
456, 451
456, 224
456, 432
456, 425
456, 433
456, 475
480, 496
480, 386
480, 558
480, 277
480, 282
480, 427
480, 267
480, 506
480, 546
480, 880
504, 1185
504, 825
504, 747
504, 754
504, 642
504, 628
504, 667
504, 457
504, 514
504, 894
528, 401
528, 457
528, 484
528, 283
528, 423
528, 466
528, 282
528, 472
528, 466
528, 435
552, 610
552, 498
552, 291
552, 502
552, 468
552, 347
552, 739
552, 295
552, 497
552, 387
576, 843
576, 314
576, 1224
576, 763
576, 694
576, 577
576, 751
576, 753
576, 699
576, 568
600, 387
600, 281
600, 555
600, 731
600, 355
600, 673
600, 589
600, 1065
600, 689
600, 949
624, 914
624, 852
624, 608
624, 559
624, 615
624, 493
624, 571
624, 1021
624, 571
624, 577
648, 549
648, 688
648, 1173
648, 1503
648, 1501
648, 1490
648, 474
648, 418
648, 481
648, 1052
672, 1106
672, 439
672, 1383
672, 607
672, 531
672, 408
672, 795
672, 572
672, 1037
672, 745
696, 1145
696, 607
696, 635
696, 660
696, 333
696, 743
696, 1217
696, 746
696, 681
696, 461
720, 1542
720, 1293
720, 1407
720, 928
720, 786
720, 826
720, 740
720, 1190
720, 468
720, 667
196, 137
196, 869
196, 457
196, 315
196, 223
196, 418
196, 379
196, 319
196, 373
196, 239
224, 239
224, 215
224, 498
224, 519
224, 182
224, 370
224, 231
224, 575
224, 188
224, 238
252, 248
252, 515
252, 224
252, 157
252, 386
252, 341
252, 305
252, 284
252, 247
252, 276
280, 280
280, 162
280, 346
280, 304
280, 203
280, 245
280, 344
280, 271
280, 361
280, 422
308, 434
308, 237
308, 426
308, 303
308, 587
308, 427
308, 472
308, 318
308, 283
308, 510
336, 238
336, 326
336, 383
336, 300
336, 307
336, 303
336, 340
336, 263
336, 247
336, 213
364, 323
364, 322
364, 453
364, 595
364, 569
364, 520
364, 567
364, 556
364, 532
364, 512
392, 552
392, 629
392, 256
392, 810
392, 209
392, 885
392, 215
392, 339
392, 444
392, 627
420, 820
420, 712
420, 349
420, 377
420, 403
420, 358
420, 258
420, 743
420, 328
420, 540
448, 647
448, 709
448, 401
448, 247
448, 236
448, 234
448, 656
448, 235
448, 299
448, 378
476, 943
476, 630
476, 470
476, 390
476, 452
476, 885
476, 379
476, 453
476, 698
476, 425
504, 525
504, 528
504, 1109
504, 479
504, 735
504, 771
504, 368
504, 642
504, 671
504, 987
532, 259
532, 590
532, 719
532, 753
532, 545
532, 458
532, 356
532, 1176
532, 320
532, 674
560, 692
560, 763
560, 476
560, 626
560, 270
560, 948
560, 626
560, 918
560, 535
560, 332
588, 539
588, 501
588, 579
588, 845
588, 791
588, 717
588, 1294
588, 655
588, 1300
588, 1008
616, 899
616, 727
616, 676
616, 760
616, 674
616, 1284
616, 388
616, 386
616, 731
616, 707
644, 1019
644, 690
644, 579
644, 586
644, 999
644, 436
644, 501
644, 826
644, 545
644, 360
672, 480
672, 520
672, 860
672, 587
672, 657
672, 417
672, 463
672, 628
672, 515
672, 694
700, 401
700, 1281
700, 710
700, 689
700, 698
700, 616
700, 371
700, 672
700, 1030
700, 918
728, 633
728, 575
728, 729
728, 916
728, 398
728, 402
728, 1550
728, 671
728, 611
728, 575
756, 675
756, 597
756, 1058
756, 542
756, 615
756, 582
756, 851
756, 724
756, 410
756, 1172
784, 1506
784, 606
784, 1540
784, 742
784, 699
784, 646
784, 700
784, 660
784, 675
784, 577
812, 1247
812, 614
812, 732
812, 1160
812, 849
812, 702
812, 373
812, 706
812, 639
812, 648
840, 1032
840, 630
840, 1015
840, 454
840, 829
840, 608
840, 789
840, 635
840, 900
840, 1437
256, 252
256, 518
256, 271
256, 405
256, 160
256, 167
256, 529
256, 168
256, 416
256, 386
288, 192
288, 406
288, 388
288, 265
288, 340
288, 297
288, 518
288, 462
288, 353
288, 411
320, 315
320, 194
320, 391
320, 326
320, 525
320, 311
320, 261
320, 311
320, 277
320, 312
352, 335
352, 344
352, 369
352, 346
352, 436
352, 763
352, 343
352, 424
352, 254
352, 454
384, 285
384, 380
384, 303
384, 316
384, 338
384, 360
384, 787
384, 198
384, 612
384, 546
416, 608
416, 540
416, 518
416, 375
416, 477
416, 388
416, 241
416, 664
416, 664
416, 463
448, 475
448, 716
448, 568
448, 867
448, 474
448, 232
448, 515
448, 426
448, 452
448, 691
480, 619
480, 869
480, 716
480, 831
480, 518
480, 277
480, 557
480, 761
480, 479
480, 271
512, 495
512, 477
512, 778
512, 808
512, 575
512, 926
512, 601
512, 791
512, 263
512, 468
544, 296
544, 1860
544, 641
544, 1080
544, 395
544, 401
544, 340
544, 806
544, 334
544, 1062
576, 699
576, 769
576, 552
576, 481
576, 423
576, 879
576, 1509
576, 457
576, 486
576, 1137
608, 1074
608, 390
608, 416
608, 623
608, 696
608, 502
608, 1362
608, 327
608, 694
608, 505
640, 530
640, 1102
640, 592
640, 983
640, 706
640, 681
640, 876
640, 1446
640, 561
640, 324
672, 436
672, 341
672, 787
672, 835
672, 1209
672, 796
672, 1803
672, 595
672, 723
672, 2698
704, 441
704, 523
704, 1146
704, 585
704, 1484
704, 1034
704, 793
704, 346
704, 1452
704, 431
736, 981
736, 821
736, 505
736, 417
736, 631
736, 605
736, 1232
736, 596
736, 887
736, 580
768, 684
768, 653
768, 406
768, 615
768, 1387
768, 366
768, 436
768, 1138
768, 652
768, 667
800, 710
800, 523
800, 511
800, 443
800, 1290
800, 434
800, 1557
800, 520
800, 1432
800, 445
832, 619
832, 881
832, 662
832, 1558
832, 799
832, 1469
832, 619
832, 691
832, 883
832, 385
864, 747
864, 422
864, 834
864, 1361
864, 468
864, 1297
864, 1820
864, 679
864, 713
864, 527
896, 530
896, 710
896, 686
896, 814
896, 737
896, 673
896, 983
896, 743
896, 1010
896, 802
928, 801
928, 437
928, 680
928, 1501
928, 542
928, 713
928, 941
928, 1346
928, 1924
928, 966
960, 955
960, 1847
960, 980
960, 738
960, 434
960, 591
960, 841
960, 780
960, 486
960, 1320
324, 481
324, 501
324, 273
324, 792
324, 311
324, 301
324, 184
324, 375
324, 401
324, 278
360, 533
360, 285
360, 436
360, 336
360, 235
360, 245
360, 300
360, 510
360, 738
360, 333
396, 382
396, 455
396, 757
396, 878
396, 588
396, 416
396, 443
396, 289
396, 607
396, 445
432, 625
432, 540
432, 733
432, 623
432, 625
432, 233
432, 754
432, 780
432, 398
432, 907
468, 543
468, 375
468, 452
468, 551
468, 483
468, 1000
468, 390
468, 504
468, 638
468, 279
504, 605
504, 753
504, 758
504, 627
504, 876
504, 599
504, 524
504, 461
504, 435
504, 330
540, 743
540, 831
540, 559
540, 897
540, 823
540, 973
540, 442
540, 497
540, 572
540, 568
576, 655
576, 620
576, 1271
576, 1163
576, 443
576, 532
576, 464
576, 763
576, 964
576, 464
612, 532
612, 565
612, 459
612, 1042
612, 1032
612, 914
612, 874
612, 1083
612, 606
612, 482
648, 724
648, 779
648, 970
648, 473
648, 582
648, 379
648, 717
648, 610
648, 540
648, 536
684, 647
684, 372
684, 348
684, 513
684, 660
684, 583
684, 365
684, 600
684, 590
684, 616
720, 608
720, 891
720, 1128
720, 429
720, 1072
720, 983
720, 532
720, 763
720, 457
720, 427
756, 591
756, 711
756, 727
756, 1058
756, 670
756, 721
756, 393
756, 464
756, 498
756, 950
792, 672
792, 1143
792, 379
792, 901
792, 1080
792, 1634
792, 776
792, 1443
792, 498
792, 685
828, 1171
828, 609
828, 420
828, 1012
828, 373
828, 1167
828, 902
828, 855
828, 1542
828, 799
864, 756
864, 879
864, 885
864, 760
864, 754
864, 825
864, 789
864, 902
864, 843
864, 826
900, 870
900, 761
900, 898
900, 1226
900, 937
900, 1190
900, 1264
900, 801
900, 802
900, 473
936, 429
936, 688
936, 981
936, 1155
936, 1806
936, 2100
936, 743
936, 1169
936, 832
936, 1280
972, 1106
972, 1330
972, 1525
972, 536
972, 1973
972, 1016
972, 1000
972, 1282
972, 1611
972, 1076
1008, 1430
1008, 831
1008, 894
1008, 1881
1008, 1483
1008, 1737
1008, 1077
1008, 774
1008, 1595
1008, 1244
1044, 970
1044, 1092
1044, 1193
1044, 713
1044, 974
1044, 465
1044, 911
1044, 857
1044, 872
1044, 748
1080, 888
1080, 866
1080, 918
1080, 868
1080, 610
1080, 934
1080, 1982
1080, 938
1080, 1026
1080, 580
400, 688
400, 815
400, 210
400, 215
400, 467
400, 210
400, 758
400, 323
400, 312
400, 443
440, 499
440, 388
440, 548
440, 300
440, 390
440, 566
440, 314
440, 447
440, 415
440, 465
480, 518
480, 470
480, 982
480, 282
480, 556
480, 548
480, 1057
480, 496
480, 418
480, 366
520, 392
520, 709
520, 874
520, 574
520, 672
520, 741
520, 436
520, 938
520, 629
520, 803
560, 300
560, 575
560, 519
560, 489
560, 764
560, 629
560, 581
560, 464
560, 486
560, 424
600, 880
600, 439
600, 552
600, 608
600, 523
600, 1017
600, 546
600, 1148
600, 312
600, 522
640, 709
640, 1157
640, 620
640, 832
640, 1283
640, 414
640, 302
640, 954
640, 968
640, 969
680, 1016
680, 1474
680, 1080
680, 535
680, 362
680, 407
680, 839
680, 859
680, 729
680, 358
720, 624
720, 397
720, 615
720, 590
720, 492
720, 1068
720, 630
720, 650
720, 543
720, 1214
760, 755
760, 734
760, 726
760, 743
760, 721
760, 1091
760, 1138
760, 406
760, 785
760, 596
800, 1101
800, 914
800, 384
800, 1296
800, 844
800, 533
800, 531
800, 373
800, 404
800, 439
840, 513
840, 696
840, 765
840, 445
840, 544
840, 432
840, 559
840, 512
840, 798
840, 957
880, 571
880, 765
880, 840
880, 784
880, 743
880, 513
880, 1170
880, 820
880, 617
880, 639
920, 611
920, 898
920, 1694
920, 868
920, 995
920, 464
920, 604
920, 781
920, 1257
920, 661
960, 887
960, 1036
960, 731
960, 925
960, 732
960, 582
960, 437
960, 984
960, 938
960, 894
1000, 643
1000, 1381
1000, 1435
1000, 1420
1000, 1429
1000, 1394
1000, 912
1000, 1553
1000, 1454
1000, 641
1040, 618
1040, 977
1040, 797
1040, 946
1040, 907
1040, 1011
1040, 875
1040, 957
1040, 1471
1040, 877
1080, 1251
1080, 803
1080, 1087
1080, 2320
1080, 1361
1080, 1499
1080, 868
1080, 1227
1080, 1068
1080, 1151
1120, 1041
1120, 603
1120, 968
1120, 1014
1120, 2337
1120, 1227
1120, 964
1120, 868
1120, 722
1120, 541
1160, 869
1160, 1131
1160, 2226
1160, 1890
1160, 1604
1160, 2596
1160, 545
1160, 1069
1160, 1755
1160, 1640
1200, 1423
1200, 2115
1200, 1568
1200, 832
1200, 2040
1200, 764
1200, 620
1200, 2059
1200, 715
1200, 1030
484, 466
484, 447
484, 585
484, 711
484, 905
484, 470
484, 920
484, 493
484, 1023
484, 450
528, 752
528, 573
528, 985
528, 359
528, 1154
528, 803
528, 501
528, 604
528, 606
528, 1130
572, 624
572, 602
572, 901
572, 532
572, 366
572, 1301
572, 703
572, 578
572, 596
572, 545
616, 500
616, 599
616, 847
616, 563
616, 355
616, 447
616, 341
616, 903
616, 829
616, 467
660, 651
660, 734
660, 602
660, 653
660, 689
660, 660
660, 1498
660, 747
660, 710
660, 991
704, 654
704, 1069
704, 634
704, 446
704, 453
704, 409
704, 394
704, 407
704, 724
704, 489
748, 651
748, 663
748, 738
748, 564
748, 727
748, 761
748, 699
748, 400
748, 704
748, 1188
792, 683
792, 853
792, 602
792, 1001
792, 642
792, 402
792, 1770
792, 705
792, 825
792, 775
836, 1698
836, 1923
836, 754
836, 1550
836, 1112
836, 1018
836, 1253
836, 815
836, 969
836, 1218
880, 1018
880, 478
880, 668
880, 1100
880, 1195
880, 1116
880, 721
880, 1068
880, 1309
880, 1420
924, 569
924, 1297
924, 1995
924, 2025
924, 1158
924, 1095
924, 1295
924, 1833
924, 916
924, 519
968, 1606
968, 1259
968, 1077
968, 705
968, 957
968, 816
968, 706
968, 1029
968, 910
968, 1042
1012, 818
1012, 1430
1012, 2209
1012, 1468
1012, 1026
1012, 1593
1012, 1507
1012, 1285
1012, 1418
1012, 917
1056, 1205
1056, 1068
1056, 1973
1056, 839
1056, 1030
1056, 541
1056, 655
1056, 1031
1056, 1528
1056, 1390
1100, 914
1100, 1499
1100, 1194
1100, 908
1100, 829
1100, 1219
1100, 631
1100, 841
1100, 1291
1100, 821
1144, 1101
1144, 1608
1144, 2004
1144, 1114
1144, 857
1144, 2548
1144, 1218
1144, 916
1144, 1512
1144, 576
1188, 1002
1188, 1107
1188, 782
1188, 1049
1188, 2258
1188, 2528
1188, 1189
1188, 719
1188, 971
1188, 1329
1232, 1126
1232, 796
1232, 1568
1232, 910
1232, 2728
1232, 546
1232, 1250
1232, 973
1232, 1755
1232, 2055
1276, 1497
1276, 2780
1276, 1204
1276, 1447
1276, 1824
1276, 1615
1276, 813
1276, 887
1276, 947
1276, 672
1320, 1114
1320, 1119
1320, 1002
1320, 1140
1320, 1027
1320, 1514
1320, 1166
1320, 1392
1320, 1738
1320, 1215
576, 750
576, 762
576, 881
576, 1021
576, 549
576, 587
576, 539
576, 701
576, 702
576, 550
624, 713
624, 1018
624, 567
624, 666
624, 528
624, 480
624, 957
624, 557
624, 1146
624, 555
672, 674
672, 787
672, 1129
672, 706
672, 631
672, 638
672, 594
672, 1260
672, 607
672, 1146
720, 720
720, 1604
720, 378
720, 705
720, 739
720, 883
720, 388
720, 416
720, 804
720, 1249
768, 652
768, 468
768, 685
768, 1165
768, 908
768, 1470
768, 1529
768, 823
768, 1011
768, 860
816, 389
816, 622
816, 903
816, 853
816, 867
816, 799
816, 811
816, 664
816, 1516
816, 602
864, 1025
864, 1777
864, 1257
864, 797
864, 876
864, 436
864, 1325
864, 935
864, 1583
864, 434
912, 739
912, 792
912, 910
912, 603
912, 1228
912, 832
912, 1091
912, 1827
912, 635
912, 811
960, 516
960, 611
960, 1181
960, 1143
960, 784
960, 572
960, 438
960, 878
960, 512
960, 867
1008, 926
1008, 762
1008, 1082
1008, 1007
1008, 876
1008, 998
1008, 727
1008, 1737
1008, 1012
1008, 1074
1056, 1009
1056, 964
1056, 963
1056, 1954
1056, 501
1056, 568
1056, 983
1056, 591
1056, 808
1056, 801
1104, 1159
1104, 1538
1104, 1307
1104, 1084
1104, 925
1104, 617
1104, 842
1104, 532
1104, 546
1104, 1062
1152, 921
1152, 547
1152, 582
1152, 945
1152, 1114
1152, 1008
1152, 932
1152, 1073
1152, 816
1152, 1021
1200, 1210
1200, 636
1200, 639
1200, 680
1200, 580
1200, 2122
1200, 968
1200, 2471
1200, 1017
1200, 910
1248, 733
1248, 1307
1248, 1166
1248, 1437
1248, 1920
1248, 1140
1248, 917
1248, 4431
1248, 1476
1248, 1178
1296, 1535
1296, 1185
1296, 1040
1296, 1483
1296, 1280
1296, 710
1296, 1122
1296, 1195
1296, 3088
1296, 980
1344, 1205
1344, 2159
1344, 1558
1344, 1153
1344, 693
1344, 2104
1344, 1092
1344, 1170
1344, 1207
1344, 4442
1392, 840
1392, 1171
1392, 1334
1392, 1199
1392, 2420
1392, 1318
1392, 1795
1392, 1351
1392, 1200
1392, 1734
1440, 1918
1440, 911
1440, 2076
1440, 1514
1440, 1869
1440, 1946
1440, 3392
1440, 2270
1440, 3218
1440, 824
676, 693
676, 386
676, 858
676, 1067
676, 1023
676, 620
676, 552
676, 1223
676, 425
676, 629
728, 1005
728, 732
728, 765
728, 1236
728, 811
728, 1071
728, 1630
728, 996
728, 624
728, 359
780, 538
780, 1434
780, 838
780, 770
780, 1542
780, 1134
780, 1128
780, 481
780, 669
780, 714
832, 1223
832, 1196
832, 822
832, 555
832, 689
832, 934
832, 1035
832, 828
832, 993
832, 855
884, 998
884, 422
884, 566
884, 568
884, 885
884, 1806
884, 442
884, 1350
884, 578
884, 850
936, 1341
936, 1097
936, 700
936, 505
936, 1402
936, 592
936, 885
936, 810
936, 895
936, 1077
988, 1902
988, 897
988, 977
988, 1107
988, 980
988, 1189
988, 913
988, 982
988, 932
988, 715
1040, 966
1040, 1421
1040, 632
1040, 610
1040, 988
1040, 1339
1040, 1999
1040, 954
1040, 2324
1040, 957
1092, 1956
1092, 838
1092, 712
1092, 974
1092, 1061
1092, 951
1092, 1146
1092, 1714
1092, 1577
1092, 1682
1144, 1672
1144, 1679
1144, 1108
1144, 1230
1144, 1274
1144, 949
1144, 1169
1144, 1121
1144, 1019
1144, 1147
1196, 714
1196, 1038
1196, 1151
1196, 1728
1196, 1055
1196, 1105
1196, 2043
1196, 1167
1196, 1229
1196, 1655
1248, 1034
1248, 1737
1248, 1870
1248, 1043
1248, 1125
1248, 1314
1248, 817
1248, 792
1248, 587
1248, 2003
1300, 1112
1300, 1211
1300, 1896
1300, 1896
1300, 1599
1300, 987
1300, 1560
1300, 1923
1300, 2750
1300, 948
1352, 1230
1352, 1148
1352, 3046
1352, 2846
1352, 1153
1352, 1362
1352, 1185
1352, 1180
1352, 1148
1352, 1174
1404, 1441
1404, 1498
1404, 799
1404, 1412
1404, 964
1404, 1214
1404, 1046
1404, 682
1404, 1618
1404, 2685
1456, 929
1456, 1976
1456, 5322
1456, 1961
1456, 1905
1456, 919
1456, 1316
1456, 1271
1456, 1230
1456, 1064
1508, 1337
1508, 1757
1508, 1434
1508, 826
1508, 1816
1508, 1992
1508, 1353
1508, 2007
1508, 2147
1508, 2122
1560, 3341
1560, 913
1560, 1328
1560, 2260
1560, 1487
1560, 1629
1560, 1288
1560, 711
1560, 1196
1560, 4679
784, 760
784, 842
784, 955
784, 1725
784, 1518
784, 1549
784, 921
784, 709
784, 538
784, 1639
840, 1211
840, 604
840, 1206
840, 723
840, 1088
840, 509
840, 1214
840, 631
840, 852
840, 632
896, 779
896, 800
896, 757
896, 1020
896, 774
896, 781
896, 1007
896, 1059
896, 840
896, 832
952, 1061
952, 1657
952, 1560
952, 602
952, 523
952, 1576
952, 678
952, 1277
952, 1304
952, 799
1008, 649
1008, 800
1008, 829
1008, 1442
1008, 1072
1008, 739
1008, 770
1008, 1963
1008, 1378
1008, 1959
1064, 914
1064, 1240
1064, 1117
1064, 563
1064, 1016
1064, 1056
1064, 977
1064, 920
1064, 879
1064, 1783
1120, 783
1120, 1071
1120, 1369
1120, 1212
1120, 1196
1120, 1740
1120, 1273
1120, 1070
1120, 1007
1120, 985
1176, 956
1176, 922
1176, 1759
1176, 2463
1176, 2797
1176, 2298
1176, 955
1176, 1395
1176, 519
1176, 1431
1232, 1051
1232, 1383
1232, 868
1232, 1287
1232, 1456
1232, 991
1232, 1063
1232, 1530
1232, 1501
1232, 832
1288, 1212
1288, 1904
1288, 590
1288, 1101
1288, 1653
1288, 1081
1288, 1096
1288, 2007
1288, 1230
1288, 1965
1344, 1496
1344, 668
1344, 1207
1344, 1930
1344, 1588
1344, 735
1344, 2763
1344, 1063
1344, 1370
1344, 1220
1400, 2093
1400, 1099
1400, 880
1400, 1208
1400, 2154
1400, 1089
1400, 1233
1400, 1408
1400, 1347
1400, 1452
1456, 1352
1456, 2117
1456, 725
1456, 1810
1456, 1330
1456, 1769
1456, 1501
1456, 1950
1456, 828
1456, 1643
1512, 909
1512, 889
1512, 2105
1512, 1234
1512, 1473
1512, 1417
1512, 2382
1512, 2078
1512, 2973
1512, 1654
1568, 1466
1568, 1297
1568, 1373
1568, 1404
1568, 3025
1568, 1675
1568, 1375
1568, 1366
1568, 1558
1568, 825
1624, 1862
1624, 1581
1624, 1564
1624, 1587
1624, 1363
1624, 1764
1624, 2472
1624, 1031
1624, 2348
1624, 1466
1680, 793
1680, 1131
1680, 1047
1680, 1246
1680, 1474
1680, 1154
1680, 2029
1680, 1300
1680, 1083
1680, 2412
900, 591
900, 415
900, 817
900, 469
900, 1050
900, 1135
900, 973
900, 686
900, 1109
900, 750
960, 754
960, 919
960, 507
960, 520
960, 522
960, 876
960, 445
960, 991
960, 1027
960, 901
1020, 2330
1020, 1420
1020, 585
1020, 1698
1020, 769
1020, 1602
1020, 1045
1020, 1480
1020, 1933
1020, 1810
1080, 1001
1080, 1318
1080, 893
1080, 917
1080, 1570
1080, 1309
1080, 1402
1080, 2368
1080, 2048
1080, 755
1140, 1196
1140, 838
1140, 2489
1140, 642
1140, 902
1140, 544
1140, 1765
1140, 961
1140, 986
1140, 747
1200, 1150
1200, 912
1200, 1883
1200, 1116
1200, 1828
1200, 1704
1200, 2204
1200, 1513
1200, 906
1200, 1123
1260, 1004
1260, 1451
1260, 1014
1260, 1075
1260, 1438
1260, 1177
1260, 958
1260, 2136
1260, 1341
1260, 1017
1320, 1628
1320, 2629
1320, 2975
1320, 919
1320, 1125
1320, 647
1320, 1436
1320, 1117
1320, 875
1320, 2740
1380, 1475
1380, 1029
1380, 1686
1380, 1686
1380, 1418
1380, 671
1380, 2400
1380, 1365
1380, 2267
1380, 726
1440, 1424
1440, 875
1440, 970
1440, 802
1440, 664
1440, 879
1440, 826
1440, 700
1440, 1317
1440, 828
1500, 1281
1500, 1347
1500, 1538
1500, 1780
1500, 1300
1500, 3019
1500, 1686
1500, 1928
1500, 918
1500, 1238
1560, 1050
1560, 1145
1560, 858
1560, 1153
1560, 2452
1560, 2244
1560, 1168
1560, 1262
1560, 1527
1560, 1665
1620, 1045
1620, 1817
1620, 1962
1620, 1341
1620, 1550
1620, 1679
1620, 831
1620, 964
1620, 720
1620, 723
1680, 1514
1680, 1662
1680, 1469
1680, 1703
1680, 1804
1680, 1665
1680, 1543
1680, 1683
1680, 1455
1680, 984
1740, 2777
1740, 988
1740, 1802
1740, 2227
1740, 1783
1740, 3619
1740, 1689
1740, 810
1740, 2647
1740, 1493
1800, 2225
1800, 1997
1800, 2306
1800, 1192
1800, 1415
1800, 1241
1800, 1103
1800, 1392
1800, 3284
1800, 1940
1024, 707
1024, 1255
1024, 874
1024, 483
1024, 860
1024, 545
1024, 1960
1024, 797
1024, 1117
1024, 1154
1088, 1153
1088, 772
1088, 830
1088, 987
1088, 1062
1088, 711
1088, 972
1088, 1351
1088, 1014
1088, 997
1152, 1231
1152, 1025
1152, 1094
1152, 1680
1152, 1280
1152, 906
1152, 1237
1152, 2331
1152, 604
1152, 1356
1216, 1975
1216, 1081
1216, 2548
1216, 1643
1216, 1138
1216, 967
1216, 1176
1216, 989
1216, 2344
1216, 993
1280, 1981
1280, 1148
1280, 1175
1280, 1183
1280, 1757
1280, 1420
1280, 1175
1280, 2261
1280, 1142
1280, 2743
1344, 2315
1344, 2565
1344, 1534
1344, 651
1344, 686
1344, 3106
1344, 3005
1344, 2327
1344, 827
1344, 2359
1408, 902
1408, 1043
1408, 1246
1408, 1407
1408, 1012
1408, 1505
1408, 1984
1408, 1455
1408, 1340
1408, 1272
1472, 1280
1472, 1577
1472, 1446
1472, 2683
1472, 2002
1472, 1323
1472, 2645
1472, 2691
1472, 2616
1472, 2506
1536, 1533
1536, 1979
1536, 960
1536, 759
1536, 1682
1536, 747
1536, 728
1536, 805
1536, 1042
1536, 1782
1600, 1116
1600, 1095
1600, 1527
1600, 716
1600, 1530
1600, 3265
1600, 2734
1600, 2462
1600, 2749
1600, 2312
1664, 1431
1664, 2351
1664, 1715
1664, 2808
1664, 3146
1664, 2089
1664, 1677
1664, 2075
1664, 1866
1664, 1675
1728, 1789
1728, 856
1728, 863
1728, 1414
1728, 1440
1728, 1287
1728, 2620
1728, 1610
1728, 1151
1728, 2547
1792, 2063
1792, 960
1792, 2024
1792, 2812
1792, 3330
1792, 1516
1792, 1606
1792, 1507
1792, 1767
1792, 992
1856, 1623
1856, 3160
1856, 1557
1856, 1126
1856, 2699
1856, 1169
1856, 1665
1856, 1475
1856, 1277
1856, 1689
1920, 2359
1920, 1483
1920, 965
1920, 1607
1920, 1334
1920, 1518
1920, 2459
1920, 1572
1920, 1746
1920, 2225
1156, 1258
1156, 549
1156, 1667
1156, 570
1156, 1404
1156, 994
1156, 972
1156, 849
1156, 1173
1156, 1151
1224, 1058
1224, 1590
1224, 561
1224, 1106
1224, 911
1224, 957
1224, 918
1224, 552
1224, 998
1224, 615
1292, 762
1292, 1606
1292, 620
1292, 1291
1292, 639
1292, 2362
1292, 1827
1292, 1694
1292, 1027
1292, 1094
1360, 780
1360, 1289
1360, 2087
1360, 1976
1360, 776
1360, 2072
1360, 2934
1360, 739
1360, 805
1360, 717
1428, 1723
1428, 2130
1428, 1067
1428, 880
1428, 1630
1428, 1720
1428, 1302
1428, 1459
1428, 2868
1428, 1037
1496, 2872
1496, 872
1496, 1428
1496, 657
1496, 957
1496, 1481
1496, 1337
1496, 1457
1496, 2346
1496, 952
1564, 1357
1564, 1138
1564, 1406
1564, 1056
1564, 1234
1564, 2949
1564, 1270
1564, 903
1564, 685
1564, 1093
1632, 750
1632, 998
1632, 3764
1632, 2008
1632, 2259
1632, 2346
1632, 2408
1632, 2601
1632, 831
1632, 1372
1700, 772
1700, 1197
1700, 1425
1700, 1319
1700, 2629
1700, 2308
1700, 1418
1700, 2895
1700, 2869
1700, 832
1768, 1302
1768, 1569
1768, 3911
1768, 1933
1768, 3206
1768, 1610
1768, 3293
1768, 2140
1768, 2573
1768, 2274
1836, 3763
1836, 1592
1836, 2064
1836, 2406
1836, 1865
1836, 1759
1836, 3018
1836, 2399
1836, 1574
1836, 1941
1904, 1658
1904, 1556
1904, 1004
1904, 1161
1904, 2097
1904, 1705
1904, 2813
1904, 1091
1904, 1261
1904, 3052
1972, 1260
1972, 1237
1972, 963
1972, 1704
1972, 2171
1972, 3013
1972, 1545
1972, 1868
1972, 1154
1972, 3474
2040, 1602
2040, 1453
2040, 2239
2040, 3024
2040, 1954
2040, 1574
2040, 2179
2040, 2872
2040, 1554
2040, 1540
1296, 1205
1296, 1053
1296, 963
1296, 1049
1296, 849
1296, 1308
1296, 782
1296, 2043
1296, 882
1296, 1838
1368, 1863
1368, 938
1368, 875
1368, 875
1368, 1149
1368, 2542
1368, 1551
1368, 1974
1368, 2008
1368, 1253
1440, 856
1440, 1616
1440, 1271
1440, 3037
1440, 1190
1440, 2046
1440, 1204
1440, 1947
1440, 1816
1440, 1705
1512, 1276
1512, 1405
1512, 1175
1512, 2198
1512, 1357
1512, 1341
1512, 1201
1512, 1028
1512, 1579
1512, 1289
1584, 971
1584, 1683
1584, 1392
1584, 1055
1584, 1374
1584, 1486
1584, 2416
1584, 2335
1584, 1053
1584, 1604
1656, 1243
1656, 1384
1656, 1774
1656, 1491
1656, 1433
1656, 1320
1656, 754
1656, 775
1656, 2523
1656, 1369
1728, 2079
1728, 1323
1728, 937
1728, 1756
1728, 1565
1728, 1437
1728, 1578
1728, 1542
1728, 1666
1728, 1062
1800, 2418
1800, 984
1800, 1004
1800, 817
1800, 1188
1800, 1543
1800, 1172
1800, 1040
1800, 1394
1800, 845
1872, 1672
1872, 3214
1872, 1136
1872, 1760
1872, 1257
1872, 1016
1872, 1592
1872, 4133
1872, 1857
1872, 1769
1944, 2126
1944, 3500
1944, 3408
1944, 1140
1944, 2638
1944, 1971
1944, 1712
1944, 2918
1944, 2542
1944, 2976
2016, 3792
2016, 1988
2016, 1704
2016, 1689
2016, 1754
2016, 1145
2016, 1200
2016, 2785
2016, 3244
2016, 1349
2088, 1408
2088, 1755
2088, 1974
2088, 2934
2088, 1526
2088, 2864
2088, 1777
2088, 3212
2088, 2702
2088, 2312
2160, 2755
2160, 2213
2160, 1713
2160, 2289
2160, 1558
2160, 2095
2160, 2045
2160, 1069
2160, 2517
2160, 2369
1444, 702
1444, 1125
1444, 3380
1444, 1453
1444, 1671
1444, 1335
1444, 2174
1444, 1305
1444, 1617
1444, 2291
1520, 3053
1520, 3051
1520, 699
1520, 1503
1520, 1244
1520, 1329
1520, 1741
1520, 1103
1520, 2912
1520, 1167
1596, 2278
1596, 1031
1596, 3066
1596, 996
1596, 2029
1596, 1219
1596, 1436
1596, 1346
1596, 1387
1596, 1971
1672, 2048
1672, 2137
1672, 1930
1672, 2625
1672, 3518
1672, 1506
1672, 2752
1672, 1746
1672, 1367
1672, 1826
1748, 1578
1748, 2613
1748, 1135
1748, 1672
1748, 2370
1748, 1504
1748, 1892
1748, 1757
1748, 1738
1748, 1518
1824, 1783
1824, 1735
1824, 2084
1824, 1481
1824, 2192
1824, 1110
1824, 1977
1824, 1974
1824, 796
1824, 1565
1900, 2786
1900, 1860
1900, 2610
1900, 2119
1900, 3428
1900, 1330
1900, 2006
1900, 3460
1900, 1992
1900, 1683
1976, 1625
1976, 1425
1976, 1818
1976, 2876
1976, 2813
1976, 3765
1976, 4565
1976, 837
1976, 2177
1976, 2214
2052, 1479
2052, 2830
2052, 3824
2052, 2380
2052, 3477
2052, 3342
2052, 1138
2052, 2118
2052, 4619
2052, 1255
2128, 2206
2128, 1750
2128, 3342
2128, 951
2128, 3804
2128, 2039
2128, 2831
2128, 2153
2128, 2786
2128, 2258
2204, 2124
2204, 1899
2204, 2469
2204, 1867
2204, 3107
2204, 1842
2204, 4676
2204, 4717
2204, 3523
2204, 4322
2280, 2509
2280, 2317
2280, 2510
2280, 4354
2280, 3469
2280, 3754
2280, 5249
2280, 5115
2280, 2612
2280, 1286
1600, 1388
1600, 988
1600, 3456
1600, 3244
1600, 1699
1600, 1307
1600, 1458
1600, 2065
1600, 2652
1600, 1370
1680, 1670
1680, 3259
1680, 864
1680, 1753
1680, 1177
1680, 2295
1680, 2275
1680, 2062
1680, 1954
1680, 2661
1760, 1451
1760, 3905
1760, 1589
1760, 1260
1760, 1785
1760, 1003
1760, 3291
1760, 1069
1760, 1927
1760, 2242
1840, 1707
1840, 3491
1840, 1988
1840, 3476
1840, 3964
1840, 3072
1840, 1913
1840, 2523
1840, 2127
1840, 1067
1920, 3267
1920, 1134
1920, 2046
1920, 1880
1920, 2302
1920, 3936
1920, 1747
1920, 1913
1920, 3890
1920, 2027
2000, 3198
2000, 2391
2000, 2902
2000, 1831
2000, 1723
2000, 2994
2000, 3279
2000, 2325
2000, 1598
2000, 1584
2080, 2570
2080, 3558
2080, 1487
2080, 1853
2080, 1992
2080, 2776
2080, 2615
2080, 1462
2080, 1102
2080, 4708
2160, 2719
2160, 1181
2160, 1942
2160, 2787
2160, 1396
2160, 3484
2160, 2653
2160, 2269
2160, 3548
2160, 4516
2240, 1983
2240, 2288
2240, 1313
2240, 1288
2240, 1707
2240, 2532
2240, 1482
2240, 2167
2240, 1835
2240, 2373
2320, 2147
2320, 1663
2320, 2076
2320, 2533
2320, 1828
2320, 2701
2320, 2906
2320, 1857
2320, 2220
2320, 1726
2400, 1927
2400, 2222
2400, 2003
2400, 1403
2400, 1105
2400, 1541
2400, 1471
2400, 2971
2400, 2306
2400, 2294
1764, 1206
1764, 972
1764, 1500
1764, 1750
1764, 2016
1764, 873
1764, 4131
1764, 2358
1764, 3784
1764, 1548
1848, 2042
1848, 1976
1848, 2571
1848, 2490
1848, 2627
1848, 2641
1848, 2178
1848, 1570
1848, 2120
1848, 3309
1932, 2052
1932, 2030
1932, 1300
1932, 1689
1932, 2418
1932, 1979
1932, 2222
1932, 1654
1932, 2320
1932, 3515
2016, 2773
2016, 2966
2016, 1269
2016, 1551
2016, 1939
2016, 961
2016, 1685
2016, 3855
2016, 1622
2016, 4177
2100, 1878
2100, 3748
2100, 3987
2100, 1735
2100, 2046
2100, 3180
2100, 2856
2100, 1732
2100, 2359
2100, 3583
2184, 2880
2184, 2149
2184, 2861
2184, 4709
2184, 2661
2184, 1855
2184, 2623
2184, 4631
2184, 1811
2184, 4163
2268, 3676
2268, 1118
2268, 2250
2268, 4036
2268, 1626
2268, 1243
2268, 1836
2268, 2106
2268, 2070
2268, 1613
2352, 1906
2352, 5202
2352, 1278
2352, 2137
2352, 2449
2352, 2400
2352, 1094
2352, 1904
2352, 4612
2352, 3578
2436, 6053
2436, 3625
2436, 2866
2436, 3553
2436, 2890
2436, 5610
2436, 2246
2436, 3571
2436, 2763
2436, 2167
2520, 1918
2520, 2535
2520, 1699
2520, 4202
2520, 2053
2520, 2165
2520, 1919
2520, 3380
2520, 2197
2520, 2094
1936, 1545
1936, 1539
1936, 1092
1936, 1782
1936, 2099
1936, 1905
1936, 1801
1936, 2379
1936, 2312
1936, 1933
2024, 2030
2024, 1815
2024, 2636
2024, 2520
2024, 2689
2024, 1242
2024, 1409
2024, 2417
2024, 1602
2024, 1509
2112, 2738
2112, 3569
2112, 2178
2112, 1009
2112, 1048
2112, 3935
2112, 1942
2112, 2268
2112, 1888
2112, 2880
2200, 3830
2200, 2211
2200, 1994
2200, 3087
2200, 2151
2200, 2122
2200, 2503
2200, 2215
2200, 2022
2200, 2604
2288, 1511
2288, 1937
2288, 2601
2288, 2513
2288, 3528
2288, 2305
2288, 1509
2288, 2025
2288, 1658
2288, 3143
2376, 2178
2376, 2523
2376, 3374
2376, 1213
2376, 3544
2376, 3336
2376, 4921
2376, 1558
2376, 5530
2376, 2165
2464, 3139
2464, 1113
2464, 4149
2464, 3393
2464, 1417
2464, 2368
2464, 3060
2464, 2526
2464, 2087
2464, 4363
2552, 2937
2552, 3403
2552, 4525
2552, 2423
2552, 2344
2552, 5274
2552, 1922
2552, 4967
2552, 1124
2552, 2026
2640, 2494
2640, 2350
2640, 3386
2640, 3515
2640, 1198
2640, 2583
2640, 3021
2640, 1622
2640, 2049
2640, 2774
2116, 2189
2116, 1094
2116, 2129
2116, 2111
2116, 1535
2116, 1385
2116, 1911
2116, 2044
2116, 2524
2116, 1687
2208, 1064
2208, 1778
2208, 3371
2208, 3235
2208, 3487
2208, 2345
2208, 7116
2208, 4870
2208, 4176
2208, 1745
2300, 2275
2300, 5104
2300, 2099
2300, 2154
2300, 2331
2300, 2308
2300, 1510
2300, 1706
2300, 4355
2300, 3872
2392, 2072
2392, 1258
2392, 1555
2392, 2048
2392, 1490
2392, 5206
2392, 3997
2392, 1447
2392, 2105
2392, 2695
2484, 2983
2484, 3857
2484, 2320
2484, 2543
2484, 3472
2484, 1776
2484, 2872
2484, 3697
2484, 4807
2484, 1190
2576, 2627
2576, 5782
2576, 1849
2576, 3468
2576, 1932
2576, 1387
2576, 3711
2576, 1885
2576, 1893
2576, 2257
2668, 4100
2668, 2303
2668, 2892
2668, 9441
2668, 5106
2668, 3431
2668, 2533
2668, 2034
2668, 1950
2668, 4031
2760, 1474
2760, 2641
2760, 5247
2760, 5157
2760, 2442
2760, 2831
2760, 2338
2760, 3214
2760, 2701
2760, 2964
2304, 1579
2304, 2501
2304, 2508
2304, 2341
2304, 1700
2304, 3153
2304, 2641
2304, 2309
2304, 2723
2304, 1529
2400, 2941
2400, 1233
2400, 1530
2400, 2137
2400, 5042
2400, 1725
2400, 1252
2400, 1164
2400, 1743
2400, 2710
2496, 2733
2496, 2191
2496, 2253
2496, 2240
2496, 5416
2496, 2963
2496, 2345
2496, 4789
2496, 4603
2496, 4927
2592, 2167
2592, 2139
2592, 3806
2592, 3436
2592, 2696
2592, 2722
2592, 4168
2592, 4385
2592, 3206
2592, 1990
2688, 2126
2688, 3890
2688, 5654
2688, 1575
2688, 3623
2688, 2494
2688, 5496
2688, 1358
2688, 2340
2688, 1434
2784, 2788
2784, 2901
2784, 3122
2784, 1709
2784, 1899
2784, 6054
2784, 2386
2784, 3036
2784, 2922
2784, 3130
2880, 3961
2880, 2620
2880, 2790
2880, 3995
2880, 2516
2880, 3772
2880, 3432
2880, 2267
2880, 4739
2880, 2557
2500, 5784
2500, 4970
2500, 1915
2500, 4846
2500, 2045
2500, 2792
2500, 3607
2500, 5630
2500, 1196
2500, 2023
2600, 2497
2600, 2241
2600, 3018
2600, 4146
2600, 1382
2600, 4625
2600, 1580
2600, 1316
2600, 2690
2600, 3020
2700, 5425
2700, 2215
2700, 1932
2700, 1984
2700, 1988
2700, 2370
2700, 2402
2700, 2207
2700, 2925
2700, 4390
2800, 3049
2800, 3054
2800, 5284
2800, 2437
2800, 2671
2800, 3397
2800, 2585
2800, 1754
2800, 4864
2800, 4096
2900, 4023
2900, 1466
2900, 2939
2900, 2636
2900, 2713
2900, 2903
2900, 3830
2900, 3004
2900, 2891
2900, 3489
3000, 3349
3000, 3289
3000, 3294
3000, 6091
3000, 3965
3000, 2330
3000, 1791
3000, 2593
3000, 2588
3000, 4401
2704, 3278
2704, 2767
2704, 2529
2704, 3781
2704, 3681
2704, 5359
2704, 2379
2704, 3067
2704, 1710
2704, 2515
2808, 1763
2808, 2302
2808, 1266
2808, 6080
2808, 2633
2808, 2343
2808, 3924
2808, 2302
2808, 1851
2808, 1636
2912, 2571
2912, 2645
2912, 2466
2912, 2385
2912, 3890
2912, 1951
2912, 2574
2912, 1397
2912, 3459
2912, 2924
3016, 4459
3016, 3592
3016, 2263
3016, 1843
3016, 2385
3016, 3779
3016, 3196
3016, 2364
3016, 2794
3016, 1746
3120, 1424
3120, 2401
3120, 2352
3120, 1814
3120, 6233
3120, 2470
3120, 1908
3120, 1722
3120, 2255
3120, 2927
2916, 1913
2916, 3149
2916, 3457
2916, 4554
2916, 5109
2916, 2466
2916, 2191
2916, 2548
2916, 2183
2916, 5527
3024, 1787
3024, 2339
3024, 1980
3024, 2678
3024, 2899
3024, 2133
3024, 5154
3024, 2328
3024, 4151
3024, 3273
3132, 5456
3132, 4988
3132, 2753
3132, 2169
3132, 3787
3132, 2033
3132, 3736
3132, 2636
3132, 3089
3132, 3433
3240, 4291
3240, 4470
3240, 3449
3240, 2781
3240, 3097
3240, 2823
3240, 1611
3240, 4748
3240, 1634
3240, 3101
3136, 2083
3136, 4583
3136, 4351
3136, 7006
3136, 2123
3136, 2416
3136, 2710
3136, 1615
3136, 2689
3136, 2269
3248, 2124
3248, 1447
3248, 1880
3248, 2680
3248, 2610
3248, 2780
3248, 4834
3248, 3918
3248, 2692
3248, 1784
3360, 2194
3360, 1729
3360, 2979
3360, 2043
3360, 1752
3360, 1836
3360, 3168
3360, 1866
3360, 2914
3360, 3421
3364, 2363
3364, 2337
3364, 1694
3364, 2754
3364, 7451
3364, 1848
3364, 4206
3364, 3876
3364, 3283
3364, 5130
3480, 2977
3480, 2405
3480, 2159
3480, 3407
3480, 1973
3480, 4609
3480, 3743
3480, 2168
3480, 3394
3480, 2889
3600, 2922
3600, 3367
3600, 2334
3600, 1980
3600, 2975
3600, 5320
3600, 3344
3600, 2161
3600, 3096
3600, 5252
